{"priceCache":{"AAVE":{"address":"0x7Fc66500c84A76Ad7e9c93437bFc5Ac33E2DDaE9","priceUSD":269.67,"ts":1759257111973,"apiSymbol":"AAVE","priceChange":-0.060000000000002274,"priceChangePercent":-0.022244466688911974,"previousPrice":269.73},"USDC":{"address":"0xA0b86991c6218b36c1d19D4a2e9Eb0cE3606eB48","priceUSD":1,"ts":1759257111982,"apiSymbol":"USDC","priceChange":0,"priceChangePercent":0,"previousPrice":1},"SNX":{"address":"0xC011A72400E58ec99Ee497CF89E3775d4bd732F","priceUSD":1.104,"ts":1759257111982,"apiSymbol":"SNX","priceChange":-0.0020000000000000018,"priceChangePercent":-0.1808318264014468,"previousPrice":1.106},"DAI":{"address":"0x6B175474E89094C44Da98b954EedeAC495271d0F","priceUSD":0.99883,"ts":1759257111989,"apiSymbol":"DAI","priceChange":0,"priceChangePercent":0,"previousPrice":0.99883},"SUSHI":{"address":"0x6B3595068778DD592e39A122f4f5A5cF09C90fE2","priceUSD":0.6487,"ts":1759257111989,"apiSymbol":"SUSHI","priceChange":-0.0006999999999999229,"priceChangePercent":-0.10779180782259361,"previousPrice":0.6494},"COMP":{"address":"0xc00e94Cb662C3520282E6f5717214004A7f26888","priceUSD":40.98,"ts":1759257111998,"apiSymbol":"COMP","priceChange":0,"priceChangePercent":0,"previousPrice":40.98},"MANA":{"address":"0x0f5D2fB29fb7D3CFeE444a200298f468908cC39D","priceUSD":0.2838,"ts":1759257112001,"apiSymbol":"MANA","priceChange":-0.00009999999999998899,"priceChangePercent":-0.03522367030644206,"previousPrice":0.2839},"ETH":{"address":"0xC02aaA39b223FE8D0A0e5C4F27eAD9083C756Cc2","priceUSD":4110.31,"ts":1759257112008,"apiSymbol":"ETH","priceChange":-1.1499999999996362,"priceChangePercent":-0.027970599251838427,"previousPrice":4111.46},"YFI":{"address":"0x0bc529c00C6401aEF6D220BE8C6Ea1667F6Ad93e","priceUSD":5346,"ts":1759257112023,"apiSymbol":"YFI","priceChange":-1,"priceChangePercent":-0.018702075930428278,"previousPrice":5347},"1INCH":{"address":"0x111111111117dc0aa78b770fa6a738034120c302","priceUSD":0.248,"ts":1759257112083,"apiSymbol":"1INCH","priceChange":0,"priceChangePercent":0,"previousPrice":0.248},"MKR":{"address":"0x9f8F72aA9304c8B593d555F12ef6589cC3A579A2","priceUSD":1813.7,"ts":1759257113094,"apiSymbol":"MKR","priceChange":0,"priceChangePercent":0,"previousPrice":1813.7},"WBTC":{"address":"0x2260fac5e5542a773aa44fbcfedf7c193bc2c599","priceUSD":113464.41,"ts":1759257113095,"apiSymbol":"BTC","priceChange":-33.64999999999418,"priceChangePercent":-0.02964808385270566,"previousPrice":113498.06},"BTC":{"address":"0x2260fac5e5542a773aa44fbcfedf7c193bc2c599","priceUSD":113464.41,"ts":1759257113095,"apiSymbol":"BTC","priceChange":-33.64999999999418,"priceChangePercent":-0.02964808385270566,"previousPrice":113498.06},"UNI":{"address":"0x1f9840a85d5aF5bf1D1762F925BDADdC4201F984","priceUSD":7.49,"ts":1759257113162,"apiSymbol":"UNI","priceChange":-0.0019999999999997797,"priceChangePercent":-0.026695141484246926,"previousPrice":7.492},"GRT":{"address":"0xc944E90C64B2c07662A292be6244BDf05Cda44a7","priceUSD":0.0793,"ts":1759257113917,"apiSymbol":"GRT","priceChange":0,"priceChangePercent":0,"previousPrice":0.0793},"AKITA":{"address":"0x3301ee63fb29f863f2333bd4466acb46cd8323e6","priceUSD":4.806e-8,"ts":1759257114090,"apiSymbol":"AKITA","priceChange":0,"priceChangePercent":0,"previousPrice":4.806e-8},"FLOKI":{"address":"0xcf0c122c6b73ff809c693db761e7baebe62b6a2e","priceUSD":0.00007875,"ts":1759257114094,"apiSymbol":"FLOKI","priceChange":-2.0000000000003197e-8,"priceChangePercent":-0.025390377047103205,"previousPrice":0.00007877},"BAL":{"address":"0xba100000625a3754423978a60c9317c58a424e3d","priceUSD":0.967,"ts":1759257114098,"apiSymbol":"BAL","priceChange":0,"priceChangePercent":0,"previousPrice":0.967},"CRV":{"address":"0xD533a949740bb3306d119CC777fa900bA034cd52","priceUSD":0.6708,"ts":1759257114099,"apiSymbol":"CRV","priceChange":0,"priceChangePercent":0,"previousPrice":0.6708},"ELON":{"address":"0x761d38e5ddf6ccf6cf7c55759d5210750b5d60f3","priceUSD":9.38e-8,"ts":1759257115104,"apiSymbol":"ELON","priceChange":0,"priceChangePercent":0,"previousPrice":9.38e-8},"FXS":{"address":"0x3432b6a60d23ca0dfca7761b7ab56459d9c964d0","priceUSD":2.109,"ts":1759257115104,"apiSymbol":"FXS","priceChange":-0.0009999999999998899,"priceChangePercent":-0.04739336492890473,"previousPrice":2.11},"LDO":{"address":"0x5A98FcBEA516Cf06857215779Fd812CA3beF1B32","priceUSD":1.1007,"ts":1759257115104,"apiSymbol":"LDO","priceChange":-0.00039999999999995595,"priceChangePercent":-0.03632730905457778,"previousPrice":1.1011},"IMX":{"address":"0xf57e7e7c23978c3caec3c3548e3d615c346e79ff","priceUSD":0.685,"ts":1759257115107,"apiSymbol":"IMX","priceChange":0,"priceChangePercent":0,"previousPrice":0.685},"RNDR":{"address":"0x6de037ef9ad2725eb40118bb1702ebb27e4aeb24","priceUSD":7.03,"ts":1759257115107,"apiSymbol":"RNDR","priceChange":0,"priceChangePercent":0,"previousPrice":7.03},"OP":{"address":"0x4200000000000000000000000000000000000042","priceUSD":0.6579,"ts":1759257115107,"apiSymbol":"OP","priceChange":-0.00019999999999997797,"priceChangePercent":-0.03039051815833125,"previousPrice":0.6581},"SAITAMA":{"address":"0x2c297021ff013dfb9d45c88dbd8e24a3e61040b3","priceUSD":0.0006258,"ts":1759257115107,"apiSymbol":"SAITAMA","priceChange":0,"priceChangePercent":0,"previousPrice":0.0006258},"VINU":{"address":"0xafcdd4f666c84fed1d8bd825aa762e3714f652c9","priceUSD":1.348e-8,"ts":1759257115108,"apiSymbol":"VINU","priceChange":0,"priceChangePercent":0,"previousPrice":1.348e-8},"PEPE":{"address":"0x6982508145454Ce325dDbE47a25d4ec3d2311933","priceUSD":0.00000909,"ts":1759257116103,"apiSymbol":"PEPE","priceChange":0,"priceChangePercent":0,"previousPrice":0.00000909},"DOGE":{"address":"0x420693bF3bF2a5c07cc5bA2eF2E4A4f9E3e7d3F0","priceUSD":0.23045,"ts":1759257116103,"apiSymbol":"DOGE","priceChange":0,"priceChangePercent":0,"previousPrice":0.23045},"SHIB":{"address":"0x95aD61b0a150d79219dCF64E1E6Cc01f0B64C4cE","priceUSD":0.00001166,"ts":1759257116105,"apiSymbol":"SHIB","priceChange":0,"priceChangePercent":0,"previousPrice":0.00001166},"SAND":{"address":"0x3845badAde8e6dFF049820680d1F14bD0F3903A5d","priceUSD":0.2607,"ts":1759257116105,"apiSymbol":"SAND","priceChange":-0.00009999999999998899,"priceChangePercent":-0.038343558282204364,"previousPrice":0.2608},"ARB":{"address":"0x912ce59144191c1204e64559fe8253a0e49e6548","priceUSD":0.4084,"ts":1759257116107,"apiSymbol":"ARB","priceChange":-0.00020000000000003348,"priceChangePercent":-0.04894762604014524,"previousPrice":0.4086}},"previousPriceCache":{},"lastFetchTime":1759257116111,"lastPricesCID":null,"lastUsersCID":null}