{"priceCache":{"WBTC":{"address":"0x2260fac5e5542a773aa44fbcfedf7c193bc2c599","priceUSD":114590.46,"ts":1759265824448,"apiSymbol":"BTC","priceChange":231.47000000000116,"priceChangePercent":0.20240647455875674,"previousPrice":114358.99},"BTC":{"address":"0x2260fac5e5542a773aa44fbcfedf7c193bc2c599","priceUSD":114590.46,"ts":1759265824448,"apiSymbol":"BTC","priceChange":231.47000000000116,"priceChangePercent":0.20240647455875674,"previousPrice":114358.99},"MANA":{"address":"0x0f5D2fB29fb7D3CFeE444a200298f468908cC39D","priceUSD":0.2898,"ts":1759265824465,"apiSymbol":"MANA","priceChange":0.0010000000000000009,"priceChangePercent":0.34626038781163465,"previousPrice":0.2888},"USDC":{"address":"0xA0b86991c6218b36c1d19D4a2e9Eb0cE3606eB48","priceUSD":1,"ts":1759265824467,"apiSymbol":"USDC","priceChange":0,"priceChangePercent":0,"previousPrice":1},"ETH":{"address":"0xC02aaA39b223FE8D0A0e5C4F27eAD9083C756Cc2","priceUSD":4191.13,"ts":1759265824485,"apiSymbol":"ETH","priceChange":24.289999999999964,"priceChangePercent":0.5829357498728044,"previousPrice":4166.84},"SNX":{"address":"0xC011A72400E58ec99Ee497CF89E3775d4bd732F","priceUSD":1.08,"ts":1759265824485,"apiSymbol":"SNX","priceChange":0.008000000000000007,"priceChangePercent":0.7462686567164185,"previousPrice":1.072},"UNI":{"address":"0x1f9840a85d5aF5bf1D1762F925BDADdC4201F984","priceUSD":7.702,"ts":1759265824486,"apiSymbol":"UNI","priceChange":0.03500000000000014,"priceChangePercent":0.4565018912221226,"previousPrice":7.667},"AAVE":{"address":"0x7Fc66500c84A76Ad7e9c93437bFc5Ac33E2DDaE9","priceUSD":277.38,"ts":1759265824489,"apiSymbol":"AAVE","priceChange":1.8199999999999932,"priceChangePercent":0.6604732181738979,"previousPrice":275.56},"COMP":{"address":"0xc00e94Cb662C3520282E6f5717214004A7f26888","priceUSD":41.64,"ts":1759265824490,"apiSymbol":"COMP","priceChange":0.1600000000000037,"priceChangePercent":0.3857280617164988,"previousPrice":41.48},"OP":{"address":"0x4200000000000000000000000000000000000042","priceUSD":0.6756,"ts":1759265824490,"apiSymbol":"OP","priceChange":0.0030999999999999917,"priceChangePercent":0.46096654275092813,"previousPrice":0.6725},"IMX":{"address":"0xf57e7e7c23978c3caec3c3548e3d615c346e79ff","priceUSD":0.701,"ts":1759265825312,"apiSymbol":"IMX","priceChange":0.0020000000000000018,"priceChangePercent":0.28612303290414903,"previousPrice":0.699},"1INCH":{"address":"0x111111111117dc0aa78b770fa6a738034120c302","priceUSD":0.2524,"ts":1759265826314,"apiSymbol":"1INCH","priceChange":0.0015000000000000013,"priceChangePercent":0.597847748106816,"previousPrice":0.2509},"GRT":{"address":"0xc944E90C64B2c07662A292be6244BDf05Cda44a7","priceUSD":0.081,"ts":1759265826318,"apiSymbol":"GRT","priceChange":0.0003999999999999976,"priceChangePercent":0.4962779156327513,"previousPrice":0.0806},"PEPE":{"address":"0x6982508145454Ce325dDbE47a25d4ec3d2311933","priceUSD":0.00000932,"ts":1759265827327,"apiSymbol":"PEPE","priceChange":2.999999999999971e-8,"priceChangePercent":0.32292787944025525,"previousPrice":0.00000929},"AKITA":{"address":"0x3301ee63fb29f863f2333bd4466acb46cd8323e6","priceUSD":4.91e-8,"ts":1759265827328,"apiSymbol":"AKITA","priceChange":-9.999999999998104e-12,"priceChangePercent":-0.020362451639173496,"previousPrice":4.911e-8},"RNDR":{"address":"0x6de037ef9ad2725eb40118bb1702ebb27e4aeb24","priceUSD":7.03,"ts":1759265827328,"apiSymbol":"RNDR","priceChange":0,"priceChangePercent":0,"previousPrice":7.03},"SAND":{"address":"0x3845badAde8e6dFF049820680d1F14bD0F3903A5d","priceUSD":0.2664,"ts":1759265827328,"apiSymbol":"SAND","priceChange":0.0008000000000000229,"priceChangePercent":0.30120481927711706,"previousPrice":0.2656},"LDO":{"address":"0x5A98FcBEA516Cf06857215779Fd812CA3beF1B32","priceUSD":1.1099,"ts":1759265827388,"apiSymbol":"LDO","priceChange":0.008200000000000207,"priceChangePercent":0.744304257057294,"previousPrice":1.1017},"FLOKI":{"address":"0xcf0c122c6b73ff809c693db761e7baebe62b6a2e","priceUSD":0.00008156,"ts":1759265828337,"apiSymbol":"FLOKI","priceChange":2.600000000000009e-7,"priceChangePercent":0.31980319803198143,"previousPrice":0.0000813},"BAL":{"address":"0xba100000625a3754423978a60c9317c58a424e3d","priceUSD":0.967,"ts":1759265828337,"apiSymbol":"BAL","priceChange":0,"priceChangePercent":0,"previousPrice":0.967},"VINU":{"address":"0xafcdd4f666c84fed1d8bd825aa762e3714f652c9","priceUSD":1.35e-8,"ts":1759265828338,"apiSymbol":"VINU","priceChange":-6.00000000000002e-11,"priceChangePercent":-0.44247787610619616,"previousPrice":1.356e-8},"FXS":{"address":"0x3432b6a60d23ca0dfca7761b7ab56459d9c964d0","priceUSD":2.156,"ts":1759265828343,"apiSymbol":"FXS","priceChange":0.002000000000000224,"priceChangePercent":0.09285051067781913,"previousPrice":2.154},"SHIB":{"address":"0x95aD61b0a150d79219dCF64E1E6Cc01f0B64C4cE","priceUSD":0.00001185,"ts":1759265828344,"apiSymbol":"SHIB","priceChange":2.999999999999971e-8,"priceChangePercent":0.2538071065989823,"previousPrice":0.00001182},"ELON":{"address":"0x761d38e5ddf6ccf6cf7c55759d5210750b5d60f3","priceUSD":9.63e-8,"ts":1759265828345,"apiSymbol":"ELON","priceChange":7.999999999999939e-10,"priceChangePercent":0.8376963350785277,"previousPrice":9.55e-8},"DAI":{"address":"0x6B175474E89094C44Da98b954EedeAC495271d0F","priceUSD":0.99878,"ts":1759265828346,"apiSymbol":"DAI","priceChange":-0.00021999999999999797,"priceChangePercent":-0.02202202202202182,"previousPrice":0.999},"MKR":{"address":"0x9f8F72aA9304c8B593d555F12ef6589cC3A579A2","priceUSD":1813.7,"ts":1759265828346,"apiSymbol":"MKR","priceChange":0,"priceChangePercent":0,"previousPrice":1813.7},"YFI":{"address":"0x0bc529c00C6401aEF6D220BE8C6Ea1667F6Ad93e","priceUSD":5413,"ts":1759265829332,"apiSymbol":"YFI","priceChange":15,"priceChangePercent":0.2778806965542794,"previousPrice":5398},"SUSHI":{"address":"0x6B3595068778DD592e39A122f4f5A5cF09C90fE2","priceUSD":0.6705,"ts":1759265829341,"apiSymbol":"SUSHI","priceChange":0.0042999999999999705,"priceChangePercent":0.6454518162713856,"previousPrice":0.6662},"DOGE":{"address":"0x420693bF3bF2a5c07cc5bA2eF2E4A4f9E3e7d3F0","priceUSD":0.23364,"ts":1759265829341,"apiSymbol":"DOGE","priceChange":0.0009799999999999809,"priceChangePercent":0.4212155076076596,"previousPrice":0.23266},"CRV":{"address":"0xD533a949740bb3306d119CC777fa900bA034cd52","priceUSD":0.6889,"ts":1759265829342,"apiSymbol":"CRV","priceChange":0.0017999999999999128,"priceChangePercent":0.26197060107697756,"previousPrice":0.6871},"SAITAMA":{"address":"0x2c297021ff013dfb9d45c88dbd8e24a3e61040b3","priceUSD":0.0006258,"ts":1759265829342,"apiSymbol":"SAITAMA","priceChange":0,"priceChangePercent":0,"previousPrice":0.0006258},"ARB":{"address":"0x912ce59144191c1204e64559fe8253a0e49e6548","priceUSD":0.422,"ts":1759265829343,"apiSymbol":"ARB","priceChange":0.0020000000000000018,"priceChangePercent":0.47619047619047666,"previousPrice":0.42}},"previousPriceCache":{"AAVE":{"address":"0x7Fc66500c84A76Ad7e9c93437bFc5Ac33E2DDaE9","priceUSD":270.4,"ts":1759259640130,"apiSymbol":"AAVE","priceChange":-0.6100000000000136,"priceChangePercent":-0.22508394524187805,"previousPrice":271.01},"WBTC":{"address":"0x2260fac5e5542a773aa44fbcfedf7c193bc2c599","priceUSD":113805.97,"ts":1759259640150,"apiSymbol":"BTC","priceChange":-74.02000000000407,"priceChangePercent":-0.06499824947297947,"previousPrice":113879.99},"BTC":{"address":"0x2260fac5e5542a773aa44fbcfedf7c193bc2c599","priceUSD":113805.97,"ts":1759259640150,"apiSymbol":"BTC","priceChange":-74.02000000000407,"priceChangePercent":-0.06499824947297947,"previousPrice":113879.99},"ETH":{"address":"0xC02aaA39b223FE8D0A0e5C4F27eAD9083C756Cc2","priceUSD":4117.11,"ts":1759259640210,"apiSymbol":"ETH","priceChange":-4.430000000000291,"priceChangePercent":-0.10748409575062456,"previousPrice":4121.54},"COMP":{"address":"0xc00e94Cb662C3520282E6f5717214004A7f26888","priceUSD":41,"ts":1759259640211,"apiSymbol":"COMP","priceChange":-0.07000000000000028,"priceChangePercent":-0.1704407109812522,"previousPrice":41.07},"DAI":{"address":"0x6B175474E89094C44Da98b954EedeAC495271d0F",