{"priceCache":{"IMX":{"address":"0xf57e7e7c23978c3caec3c3548e3d615c346e79ff","priceUSD":0.301,"ts":1763816752504,"apiSymbol":"IMX","priceChange":0.0010000000000000009,"priceChangePercent":0.33333333333333365,"previousPrice":0.3},"PEPE":{"address":"0x6982508145454Ce325dDbE47a25d4ec3d2311933","priceUSD":0.00000401,"ts":1763816752556,"apiSymbol":"PEPE","priceChange":-2.0000000000000656e-8,"priceChangePercent":-0.49627791563277057,"previousPrice":0.00000403},"SUSHI":{"address":"0x6B3595068778DD592e39A122f4f5A5cF09C90fE2","priceUSD":0.398,"ts":1763816752557,"apiSymbol":"SUSHI","priceChange":-0.00039999999999995595,"priceChangePercent":-0.10040160642569176,"previousPrice":0.3984},"BAL":{"address":"0xba100000625a3754423978a60c9317c58a424e3d","priceUSD":0.967,"ts":1763816752558,"apiSymbol":"BAL","priceChange":0,"priceChangePercent":0,"previousPrice":0.967},"SNX":{"address":"0xC011A72400E58ec99Ee497CF89E3775d4bd732F","priceUSD":0.563,"ts":1763816752558,"apiSymbol":"SNX","priceChange":0,"priceChangePercent":0,"previousPrice":0.563},"ARB":{"address":"0x912ce59144191c1204e64559fe8253a0e49e6548","priceUSD":0.1963,"ts":1763816752558,"apiSymbol":"ARB","priceChange":-0.0007000000000000062,"priceChangePercent":-0.3553299492385818,"previousPrice":0.197},"1INCH":{"address":"0x111111111117dc0aa78b770fa6a738034120c302","priceUSD":0.1734,"ts":1763816752558,"apiSymbol":"1INCH","priceChange":-0.0002999999999999947,"priceChangePercent":-0.1727115716752992,"previousPrice":0.1737},"FXS":{"address":"0x3432b6a60d23ca0dfca7761b7ab56459d9c964d0","priceUSD":0.813,"ts":1763816752559,"apiSymbol":"FXS","priceChange":-0.0010000000000000009,"priceChangePercent":-0.12285012285012298,"previousPrice":0.814},"AAVE":{"address":"0x7Fc66500c84A76Ad7e9c93437bFc5Ac33E2DDaE9","priceUSD":155.69,"ts":1763816752559,"apiSymbol":"AAVE","priceChange":-0.18999999999999773,"priceChangePercent":-0.12188863228124053,"previousPrice":155.88},"MKR":{"address":"0x9f8F72aA9304c8B593d555F12ef6589cC3A579A2","priceUSD":1813.7,"ts":1763816752565,"apiSymbol":"MKR","priceChange":0,"priceChangePercent":0,"previousPrice":1813.7},"CRV":{"address":"0xD533a949740bb3306d119CC777fa900bA034cd52","priceUSD":0.366,"ts":1763816752566,"apiSymbol":"CRV","priceChange":-0.00020000000000003348,"priceChangePercent":-0.054614964500282207,"previousPrice":0.3662},"FLOKI":{"address":"0xcf0c122c6b73ff809c693db761e7baebe62b6a2e","priceUSD":0.00004469,"ts":1763816753466,"apiSymbol":"FLOKI","priceChange":-1.899999999999965e-7,"priceChangePercent":-0.42335115864526845,"previousPrice":0.00004488},"USDC":{"address":"0xA0b86991c6218b36c1d19D4a2e9Eb0cE3606eB48","priceUSD":1,"ts":1763816753481,"apiSymbol":"USDC","priceChange":0,"priceChangePercent":0,"previousPrice":1},"UNI":{"address":"0x1f9840a85d5aF5bf1D1762F925BDADdC4201F984","priceUSD":6.035,"ts":1763816753743,"apiSymbol":"UNI","priceChange":-0.006999999999999673,"priceChangePercent":-0.11585567692816408,"previousPrice":6.042},"COMP":{"address":"0xc00e94Cb662C3520282E6f5717214004A7f26888","priceUSD":28.42,"ts":1763816754570,"apiSymbol":"COMP","priceChange":-0.05999999999999872,"priceChangePercent":-0.2106741573033663,"previousPrice":28.48},"DAI":{"address":"0x6B175474E89094C44Da98b954EedeAC495271d0F","priceUSD":0.99923,"ts":1763816754571,"apiSymbol":"DAI","priceChange":0,"priceChangePercent":0,"previousPrice":0.99923},"SAITAMA":{"address":"0x2c297021ff013dfb9d45c88dbd8e24a3e61040b3","priceUSD":0.0006258,"ts":1763816754571,"apiSymbol":"SAITAMA","priceChange":0,"priceChangePercent":0,"previousPrice":0.0006258},"RNDR":{"address":"0x6de037ef9ad2725eb40118bb1702ebb27e4aeb24","priceUSD":7.03,"ts":1763816754572,"apiSymbol":"RNDR","priceChange":0,"priceChangePercent":0,"previousPrice":7.03},"DOGE":{"address":"0x420693bF3bF2a5c07cc5bA2eF2E4A4f9E3e7d3F0","priceUSD":0.13642,"ts":1763816754984,"apiSymbol":"DOGE","priceChange":-0.0003499999999999892,"priceChangePercent":-0.25590407253051783,"previousPrice":0.13677},"YFI":{"address":"0x0bc529c00C6401aEF6D220BE8C6Ea1667F6Ad93e","priceUSD":3971,"ts":1763816755478,"apiSymbol":"YFI","priceChange":-3,"priceChangePercent":-0.0754906894816306,"previousPrice":3974},"ELON":{"address":"0x761d38e5ddf6ccf6cf7c55759d5210750b5d60f3","priceUSD":5.33e-8,"ts":1763816755482,"apiSymbol":"ELON","priceChange":0,"priceChangePercent":0,"previousPrice":5.33e-8},"AKITA":{"address":"0x3301ee63fb29f863f2333bd4466acb46cd8323e6","priceUSD":2.465e-8,"ts":1763816755483,"apiSymbol":"AKITA","priceChange":2.6999999999999845e-10,"priceChangePercent":1.1074651353568434,"previousPrice":2.438e-8},"LDO":{"address":"0x5A98FcBEA516Cf06857215779Fd812CA3beF1B32","priceUSD":0.6085,"ts":1763816755483,"apiSymbol":"LDO","priceChange":0.00009999999999998899,"priceChangePercent":0.016436554898091548,"previousPrice":0.6084},"WBTC":{"address":"0x2260fac5e5542a773aa44fbcfedf7c193bc2c599","priceUSD":83734.99,"ts":1763816755490,"apiSymbol":"BTC","priceChange":-0.6599999999889405,"priceChangePercent":-0.0007881947533564743,"previousPrice":83735.65},"BTC":{"address":"0x2260fac5e5542a773aa44fbcfedf7c193bc2c599","priceUSD":83734.99,"ts":1763816755490,"apiSymbol":"BTC","priceChange":-0.6599999999889405,"priceChangePercent":-0.0007881947533564743,"previousPrice":83735.65},"ETH":{"address":"0xC02aaA39b223FE8D0A0e5C4F27eAD9083C756Cc2","priceUSD":2716.98,"ts":1763816755490,"apiSymbol":"ETH","priceChange":2.9600000000000364,"priceChangePercent":0.10906330830281413,"previousPrice":2714.02},"SAND":{"address":"0x3845badAde8e6dFF049820680d1F14bD0F3903A5d","priceUSD":0.1467,"ts":1763816755517,"apiSymbol":"SAND","priceChange":-0.0005000000000000004,"priceChangePercent":-0.33967391304347855,"previousPrice":0.1472},"VINU":{"address":"0xafcdd4f666c84fed1d8bd825aa762e3714f652c9","priceUSD":1.047e-8,"ts":1763816755517,"apiSymbol":"VINU","priceChange":-1.9999999999999517e-11,"priceChangePercent":-0.19065776930409453,"previousPrice":1.049e-8},"OP":{"address":"0x4200000000000000000000000000000000000042","priceUSD":0.2959,"ts":1763816756286,"apiSymbol":"OP","priceChange":-0.0013000000000000234,"priceChangePercent":-0.43741588156124606,"previousPrice":0.2972},"SHIB":{"address":"0x95aD61b0a150d79219dCF64E1E6Cc01f0B64C4cE","priceUSD":0.00000762,"ts":1763816756481,"apiSymbol":"SHIB","priceChange":-2.999999999999971e-8,"priceChangePercent":-0.3921568627450943,"previousPrice":0.00000765},"GRT":{"address":"0xc944E90C64B2c07662A292be6244BDf05Cda44a7","priceUSD":0.04769,"ts":1763816756490,"apiSymbol":"GRT","priceChange":-0.00007999999999999674,"priceChangePercent":-0.1674691228804621,"previousPrice":0.04777},"MANA":{"address":"0x0f5D2fB29fb7D3CFeE444a200298f468908cC39D","priceUSD":0.1592,"ts":1763816756500,"apiSymbol":"MANA","priceChange":-0.0005999999999999894,"priceChangePercent":-0.37546933667083193,"previousPrice":0.1598}},"previousPriceCache":{"DAI":{"address":"0x6B175474E89094C44Da98b954EedeAC495271d0F","priceUSD":0.99923,"ts":1763815851942,"apiSymbol":"DAI","priceChange":null,"priceChangePercent":null,"previousPrice":null},"RNDR":{"address":"0x6de037ef9ad2725eb40118bb1702ebb27e4aeb24","priceUSD":7.03,"ts":1763815851943,"apiSymbol":"RNDR","priceChange":null,"priceChangePercent":null,"previousPrice":null},"MANA":{"address":"0x0f5D2fB29fb7D3CFeE444a200298f468908cC39D","priceUSD":0.1598,"ts":1763815851943,"apiSymbol":"MANA","priceChange":null,"priceChangePercent":null,"previousPrice":null},"USDC":{"address":"0xA0b86991c6218b36c1d19D4a2e9Eb0cE3606eB48","priceUSD":1,"ts":1763815851944,"apiSymbol":"USDC","priceChange":null,"priceChangePercent":null,"previousPrice":null},"GRT":{"address":"0xc944E90C64B2c07662A292be6244BDf05Cda44a7","priceUSD":0.04777,"ts":1763815851944,"apiSymbol":"GRT","priceChange":null,"priceChangePercent":null,"previousPrice":null},"COMP":{"address":"0xc00e94Cb662C3520282E6f5717214004A7f26888","priceUSD":28.48,"ts":1763815851945,"apiSymbol":"COMP","priceChange":null,"priceChangePercent":null,"previousPrice":null},"SUSHI":{"address":"0x6B3595068778DD592e39A122f4f5A5cF09C90fE2","priceUSD":0.3984,"ts":1763815851945,