{"priceCache":{"SUSHI":{"address":"0x6B3595068778DD592e39A122f4f5A5cF09C90fE2","priceUSD":0.3987,"ts":1764165555106,"apiSymbol":"SUSHI","priceChange":-0.015000000000000013,"priceChangePercent":-3.6258158085569288,"previousPrice":0.4137},"SNX":{"address":"0xC011A72400E58ec99Ee497CF89E3775d4bd732F","priceUSD":0.576,"ts":1764165555108,"apiSymbol":"SNX","priceChange":0.02299999999999991,"priceChangePercent":4.159132007233256,"previousPrice":0.553},"CRV":{"address":"0xD533a949740bb3306d119CC777fa900bA034cd52","priceUSD":0.4138,"ts":1764165555117,"apiSymbol":"CRV","priceChange":-0.005699999999999983,"priceChangePercent":-1.3587604290822368,"previousPrice":0.4195},"GRT":{"address":"0xc944E90C64B2c07662A292be6244BDf05Cda44a7","priceUSD":0.05045,"ts":1764165555122,"apiSymbol":"GRT","priceChange":-0.0005099999999999966,"priceChangePercent":-1.0007849293563513,"previousPrice":0.05096},"LDO":{"address":"0x5A98FcBEA516Cf06857215779Fd812CA3beF1B32","priceUSD":0.6563,"ts":1764165555122,"apiSymbol":"LDO","priceChange":-0.0015000000000000568,"priceChangePercent":-0.22803283672849753,"previousPrice":0.6578},"OP":{"address":"0x4200000000000000000000000000000000000042","priceUSD":0.3165,"ts":1764165555124,"apiSymbol":"OP","priceChange":-0.003400000000000014,"priceChangePercent":-1.062832135042205,"previousPrice":0.3199},"SAND":{"address":"0x3845badAde8e6dFF049820680d1F14bD0F3903A5d","priceUSD":0.1559,"ts":1764165555136,"apiSymbol":"SAND","priceChange":-0.0013999999999999846,"priceChangePercent":-0.8900190718372438,"previousPrice":0.1573},"USDC":{"address":"0xA0b86991c6218b36c1d19D4a2e9Eb0cE3606eB48","priceUSD":1,"ts":1764165555452,"apiSymbol":"USDC","priceChange":0,"priceChangePercent":0,"previousPrice":1},"UNI":{"address":"0x1f9840a85d5aF5bf1D1762F925BDADdC4201F984","priceUSD":6.136,"ts":1764165555513,"apiSymbol":"UNI","priceChange":-0.06400000000000006,"priceChangePercent":-1.03225806451613,"previousPrice":6.2},"AAVE":{"address":"0x7Fc66500c84A76Ad7e9c93437bFc5Ac33E2DDaE9","priceUSD":178.14,"ts":1764165555516,"apiSymbol":"AAVE","priceChange":-1.920000000000016,"priceChangePercent":-1.0663112295901456,"previousPrice":180.06},"WBTC":{"address":"0x2260fac5e5542a773aa44fbcfedf7c193bc2c599","priceUSD":87118.47,"ts":1764165555516,"apiSymbol":"BTC","priceChange":-591.5299999999988,"priceChangePercent":-0.6744156880629334,"previousPrice":87710},"BTC":{"address":"0x2260fac5e5542a773aa44fbcfedf7c193bc2c599","priceUSD":87118.47,"ts":1764165555516,"apiSymbol":"BTC","priceChange":-591.5299999999988,"priceChangePercent":-0.6744156880629334,"previousPrice":87710},"YFI":{"address":"0x0bc529c00C6401aEF6D220BE8C6Ea1667F6Ad93e","priceUSD":4116,"ts":1764165555963,"apiSymbol":"YFI","priceChange":-34,"priceChangePercent":-0.8192771084337349,"previousPrice":4150},"ETH":{"address":"0xC02aaA39b223FE8D0A0e5C4F27eAD9083C756Cc2","priceUSD":2936.08,"ts":1764165556192,"apiSymbol":"ETH","priceChange":8.340000000000146,"priceChangePercent":0.28486136063995254,"previousPrice":2927.74},"MKR":{"address":"0x9f8F72aA9304c8B593d555F12ef6589cC3A579A2","priceUSD":1813.7,"ts":1764165556831,"apiSymbol":"MKR","priceChange":0,"priceChangePercent":0,"previousPrice":1813.7},"RNDR":{"address":"0x6de037ef9ad2725eb40118bb1702ebb27e4aeb24","priceUSD":7.03,"ts":1764165557145,"apiSymbol":"RNDR","priceChange":0,"priceChangePercent":0,"previousPrice":7.03},"FXS":{"address":"0x3432b6a60d23ca0dfca7761b7ab56459d9c964d0","priceUSD":0.857,"ts":1764165557147,"apiSymbol":"FXS","priceChange":-0.017000000000000015,"priceChangePercent":-1.9450800915331825,"previousPrice":0.874},"COMP":{"address":"0xc00e94Cb662C3520282E6f5717214004A7f26888","priceUSD":30.23,"ts":1764165558288,"apiSymbol":"COMP","priceChange":0.4200000000000017,"priceChangePercent":1.4089231801408981,"previousPrice":29.81},"1INCH":{"address":"0x111111111117dc0aa78b770fa6a738034120c302","priceUSD":0.1899,"ts":1764165558288,"apiSymbol":"1INCH","priceChange":-0.0002999999999999947,"priceChangePercent":-0.1577287066246029,"previousPrice":0.1902},"MANA":{"address":"0x0f5D2fB29fb7D3CFeE444a200298f468908cC39D","priceUSD":0.1647,"ts":1764165558288,"apiSymbol":"MANA","priceChange":-0.005099999999999993,"priceChangePercent":-3.0035335689045897,"previousPrice":0.1698},"DAI":{"address":"0x6B175474E89094C44Da98b954EedeAC495271d0F","priceUSD":0.99949,"ts":1764165558289,"apiSymbol":"DAI","priceChange":-0.0007099999999999884,"priceChangePercent":-0.07098580283943096,"previousPrice":1.0002},"BAL":{"address":"0xba100000625a3754423978a60c9317c58a424e3d","priceUSD":0.967,"ts":1764165559263,"apiSymbol":"BAL","priceChange":0,"priceChangePercent":0,"previousPrice":0.967},"ARB":{"address":"0x912ce59144191c1204e64559fe8253a0e49e6548","priceUSD":0.2127,"ts":1764165559315,"apiSymbol":"ARB","priceChange":-0.0024000000000000132,"priceChangePercent":-1.1157601115760172,"previousPrice":0.2151},"SHIB":{"address":"0x95aD61b0a150d79219dCF64E1E6Cc01f0B64C4cE","priceUSD":0.00000841,"ts":1764165559316,"apiSymbol":"SHIB","priceChange":2.0000000000000147e-7,"priceChangePercent":2.4360535931790683,"previousPrice":0.00000821},"DOGE":{"address":"0x420693bF3bF2a5c07cc5bA2eF2E4A4f9E3e7d3F0","priceUSD":0.15076,"ts":1764165559321,"apiSymbol":"DOGE","priceChange":0.0010300000000000031,"priceChangePercent":0.6879048954785301,"previousPrice":0.14973},"SAITAMA":{"address":"0x2c297021ff013dfb9d45c88dbd8e24a3e61040b3","priceUSD":0.0006258,"ts":1764165559329,"apiSymbol":"SAITAMA","priceChange":0,"priceChangePercent":0,"previousPrice":0.0006258},"IMX":{"address":"0xf57e7e7c23978c3caec3c3548e3d615c346e79ff","priceUSD":0.315,"ts":1764165559329,"apiSymbol":"IMX","priceChange":-0.0030000000000000027,"priceChangePercent":-0.9433962264150951,"previousPrice":0.318},"AKITA":{"address":"0x3301ee63fb29f863f2333bd4466acb46cd8323e6","priceUSD":2.628e-8,"ts":1764165559330,"apiSymbol":"AKITA","priceChange":4.199999999999998e-10,"priceChangePercent":1.6241299303944308,"previousPrice":2.586e-8},"VINU":{"address":"0xafcdd4f666c84fed1d8bd825aa762e3714f652c9","priceUSD":1.063e-8,"ts":1764165559331,"apiSymbol":"VINU","priceChange":1.3000000000000017e-10,"priceChangePercent":1.2380952380952397,"previousPrice":1.05e-8},"PEPE":{"address":"0x6982508145454Ce325dDbE47a25d4ec3d2311933","priceUSD":0.00000449,"ts":1764165559331,"apiSymbol":"PEPE","priceChange":1.999999999999981e-8,"priceChangePercent":0.4474272930648726,"previousPrice":0.00000447},"ELON":{"address":"0x761d38e5ddf6ccf6cf7c55759d5210750b5d60f3","priceUSD":5.61e-8,"ts":1764165560294,"apiSymbol":"ELON","priceChange":4.999999999999979e-10,"priceChangePercent":0.8992805755395645,"previousPrice":5.56e-8},"FLOKI":{"address":"0xcf0c122c6b73ff809c693db761e7baebe62b6a2e","priceUSD":0.00004792,"ts":1764165560295,"apiSymbol":"FLOKI","priceChange":-2.999999999999802e-8,"priceChangePercent":-0.06256517205421902,"previousPrice":0.00004795}},"previousPriceCache":{"USDC":{"address":"0xA0b86991c6218b36c1d19D4a2e9Eb0cE3606eB48","priceUSD":1,"ts":1764072595366,"apiSymbol":"USDC","priceChange":0,"priceChangePercent":0,"previousPrice":1},"COMP":{"address":"0xc00e94Cb662C3520282E6f5717214004A7f26888","priceUSD":29.64,"ts":1764072595371,"apiSymbol":"COMP","priceChange":0.030000000000001137,"priceChangePercent":0.10131712259372218,"previousPrice":29.61},"WBTC":{"address":"0x2260fac5e5542a773aa44fbcfedf7c193bc2c599","priceUSD":87460,"ts":1764072595372,"apiSymbol":"BTC","priceChange":45.979999999995925,"priceChangePercent":0.05260025794488793,"previousPrice":87414.02},"BTC":{"address":"0x2260fac5e5542a773aa44fbcfedf7c193bc2c599","priceUSD":87460,"ts":1764072595372,"apiSymbol":"BTC","priceChange":45.979999999995925,"priceChangePercent":0.05260025794488793,"previousPrice":87414.02},"SUSHI":{"address":"0x6B3595068778DD592e39A122f4f5A5cF09C90fE2","priceUSD":0.4086,"ts":1764072595372,"apiSymbol":"SUSHI","priceChange":-0.00009999999999998899,"priceChangePercent":-0.02446782481037166,"previousPrice":0.4087},"SNX":{"address":"0xC011A72400E58ec99Ee497CF89E3775d4bd732F","priceUSD":0.543,"ts":1764072595383,