{"priceCache":{"DAI":{"address":"0x6B175474E89094C44Da98b954EedeAC495271d0F","priceUSD":0.99932,"ts":1763780426122,"apiSymbol":"DAI","priceChange":-0.000010000000000065512,"priceChangePercent":-0.00100067044920752,"previousPrice":0.99933},"WBTC":{"address":"0x2260fac5e5542a773aa44fbcfedf7c193bc2c599","priceUSD":84497.84,"ts":1763780426135,"apiSymbol":"BTC","priceChange":108.34999999999127,"priceChangePercent":0.12839276549720974,"previousPrice":84389.49},"BTC":{"address":"0x2260fac5e5542a773aa44fbcfedf7c193bc2c599","priceUSD":84497.84,"ts":1763780426135,"apiSymbol":"BTC","priceChange":108.34999999999127,"priceChangePercent":0.12839276549720974,"previousPrice":84389.49},"GRT":{"address":"0xc944E90C64B2c07662A292be6244BDf05Cda44a7","priceUSD":0.04867,"ts":1763780426135,"apiSymbol":"GRT","priceChange":0.0002500000000000002,"priceChangePercent":0.5163155720776543,"previousPrice":0.04842},"IMX":{"address":"0xf57e7e7c23978c3caec3c3548e3d615c346e79ff","priceUSD":0.311,"ts":1763780426228,"apiSymbol":"IMX","priceChange":0.0020000000000000018,"priceChangePercent":0.6472491909385119,"previousPrice":0.309},"SNX":{"address":"0xC011A72400E58ec99Ee497CF89E3775d4bd732F","priceUSD":0.573,"ts":1763780426229,"apiSymbol":"SNX","priceChange":0.006000000000000005,"priceChangePercent":1.0582010582010593,"previousPrice":0.567},"FXS":{"address":"0x3432b6a60d23ca0dfca7761b7ab56459d9c964d0","priceUSD":0.824,"ts":1763780426229,"apiSymbol":"FXS","priceChange":0.0040000000000000036,"priceChangePercent":0.4878048780487809,"previousPrice":0.82},"MKR":{"address":"0x9f8F72aA9304c8B593d555F12ef6589cC3A579A2","priceUSD":1813.7,"ts":1763780426230,"apiSymbol":"MKR","priceChange":0,"priceChangePercent":0,"previousPrice":1813.7},"ETH":{"address":"0xC02aaA39b223FE8D0A0e5C4F27eAD9083C756Cc2","priceUSD":2752.4,"ts":1763780426231,"apiSymbol":"ETH","priceChange":7.700000000000273,"priceChangePercent":0.2805406783983777,"previousPrice":2744.7},"LDO":{"address":"0x5A98FcBEA516Cf06857215779Fd812CA3beF1B32","priceUSD":0.6152,"ts":1763780426233,"apiSymbol":"LDO","priceChange":0.0015999999999999348,"priceChangePercent":0.26075619295957214,"previousPrice":0.6136},"YFI":{"address":"0x0bc529c00C6401aEF6D220BE8C6Ea1667F6Ad93e","priceUSD":4044,"ts":1763780426233,"apiSymbol":"YFI","priceChange":10,"priceChangePercent":0.2478929102627665,"previousPrice":4034},"SAND":{"address":"0x3845badAde8e6dFF049820680d1F14bD0F3903A5d","priceUSD":0.152,"ts":1763780426233,"apiSymbol":"SAND","priceChange":0.0007000000000000062,"priceChangePercent":0.4626569729015243,"previousPrice":0.1513},"COMP":{"address":"0xc00e94Cb662C3520282E6f5717214004A7f26888","priceUSD":28.9,"ts":1763780426507,"apiSymbol":"COMP","priceChange":0.05999999999999872,"priceChangePercent":0.20804438280165993,"previousPrice":28.84},"AAVE":{"address":"0x7Fc66500c84A76Ad7e9c93437bFc5Ac33E2DDaE9","priceUSD":159.27,"ts":1763780427711,"apiSymbol":"AAVE","priceChange":0.18000000000000682,"priceChangePercent":0.11314350367716815,"previousPrice":159.09},"RNDR":{"address":"0x6de037ef9ad2725eb40118bb1702ebb27e4aeb24","priceUSD":7.03,"ts":1763780427712,"apiSymbol":"RNDR","priceChange":0,"priceChangePercent":0,"previousPrice":7.03},"FLOKI":{"address":"0xcf0c122c6b73ff809c693db761e7baebe62b6a2e","priceUSD":0.0000461,"ts":1763780428513,"apiSymbol":"FLOKI","priceChange":1.6000000000000524e-7,"priceChangePercent":0.3482803656943954,"previousPrice":0.00004594},"BAL":{"address":"0xba100000625a3754423978a60c9317c58a424e3d","priceUSD":0.967,"ts":1763780428518,"apiSymbol":"BAL","priceChange":0,"priceChangePercent":0,"previousPrice":0.967},"CRV":{"address":"0xD533a949740bb3306d119CC777fa900bA034cd52","priceUSD":0.3796,"ts":1763780428518,"apiSymbol":"CRV","priceChange":0.0012999999999999678,"priceChangePercent":0.3436426116838403,"previousPrice":0.3783},"DOGE":{"address":"0x420693bF3bF2a5c07cc5bA2eF2E4A4f9E3e7d3F0","priceUSD":0.13939,"ts":1763780429529,"apiSymbol":"DOGE","priceChange":0.0002799999999999747,"priceChangePercent":0.201279562935788,"previousPrice":0.13911},"PEPE":{"address":"0x6982508145454Ce325dDbE47a25d4ec3d2311933","priceUSD":0.00000411,"ts":1763780429531,"apiSymbol":"PEPE","priceChange":9.999999999999904e-9,"priceChangePercent":0.24390243902438793,"previousPrice":0.0000041},"MANA":{"address":"0x0f5D2fB29fb7D3CFeE444a200298f468908cC39D","priceUSD":0.1642,"ts":1763780429531,"apiSymbol":"MANA","priceChange":0.0009000000000000119,"priceChangePercent":0.5511328842621016,"previousPrice":0.1633},"OP":{"address":"0x4200000000000000000000000000000000000042","priceUSD":0.306,"ts":1763780429532,"apiSymbol":"OP","priceChange":0.0011999999999999789,"priceChangePercent":0.3937007874015679,"previousPrice":0.3048},"USDC":{"address":"0xA0b86991c6218b36c1d19D4a2e9Eb0cE3606eB48","priceUSD":1,"ts":1763780429532,"apiSymbol":"USDC","priceChange":0,"priceChangePercent":0,"previousPrice":1},"SAITAMA":{"address":"0x2c297021ff013dfb9d45c88dbd8e24a3e61040b3","priceUSD":0.0006258,"ts":1763780429532,"apiSymbol":"SAITAMA","priceChange":0,"priceChangePercent":0,"previousPrice":0.0006258},"ELON":{"address":"0x761d38e5ddf6ccf6cf7c55759d5210750b5d60f3","priceUSD":5.37e-8,"ts":1763780429532,"apiSymbol":"ELON","priceChange":1.9999999999999517e-10,"priceChangePercent":0.3738317757009255,"previousPrice":5.35e-8},"SUSHI":{"address":"0x6B3595068778DD592e39A122f4f5A5cF09C90fE2","priceUSD":0.4101,"ts":1763780429532,"apiSymbol":"SUSHI","priceChange":0.0027000000000000357,"priceChangePercent":0.6627393225331457,"previousPrice":0.4074},"AKITA":{"address":"0x3301ee63fb29f863f2333bd4466acb46cd8323e6","priceUSD":2.431e-8,"ts":1763780430527,"apiSymbol":"AKITA","priceChange":1.7000000000000086e-10,"priceChangePercent":0.7042253521126797,"previousPrice":2.414e-8},"SHIB":{"address":"0x95aD61b0a150d79219dCF64E1E6Cc01f0B64C4cE","priceUSD":0.00000784,"ts":1763780430527,"apiSymbol":"SHIB","priceChange":2.999999999999971e-8,"priceChangePercent":0.3841229193341833,"previousPrice":0.00000781},"UNI":{"address":"0x1f9840a85d5aF5bf1D1762F925BDADdC4201F984","priceUSD":6.462,"ts":1763780430527,"apiSymbol":"UNI","priceChange":0.0019999999999997797,"priceChangePercent":0.030959752321978017,"previousPrice":6.46},"ARB":{"address":"0x912ce59144191c1204e64559fe8253a0e49e6548","priceUSD":0.2015,"ts":1763780430531,"apiSymbol":"ARB","priceChange":0.0007000000000000062,"priceChangePercent":0.3486055776892461,"previousPrice":0.2008},"1INCH":{"address":"0x111111111117dc0aa78b770fa6a738034120c302","priceUSD":0.1774,"ts":1763780430532,"apiSymbol":"1INCH","priceChange":0.0007999999999999952,"priceChangePercent":0.45300113250282853,"previousPrice":0.1766},"VINU":{"address":"0xafcdd4f666c84fed1d8bd825aa762e3714f652c9","priceUSD":1.083e-8,"ts":1763780430533,"apiSymbol":"VINU","priceChange":-9.999999999999759e-12,"priceChangePercent":-0.09225092250922287,"previousPrice":1.084e-8}},"previousPriceCache":{"GRT":{"address":"0xc944E90C64B2c07662A292be6244BDf05Cda44a7","priceUSD":0.04842,"ts":1763779526091,"apiSymbol":"GRT","priceChange":-0.00030000000000000165,"priceChangePercent":-0.6157635467980329,"previousPrice":0.04872},"YFI":{"address":"0x0bc529c00C6401aEF6D220BE8C6Ea1667F6Ad93e","priceUSD":4034,"ts":1763779526093,"apiSymbol":"YFI","priceChange":-1,"priceChangePercent":-0.024783147459727387,"previousPrice":4035},"MKR":{"address":"0x9f8F72aA9304c8B593d555F12ef6589cC3A579A2","priceUSD":1813.7,"ts":1763779526093,"apiSymbol":"MKR","priceChange":0,"priceChangePercent":0,"previousPrice":1813.7},"ARB":{"address":"0x912ce59144191c1204e64559fe8253a0e49e6548","priceUSD":0.2008,"ts":1763779526093,"apiSymbol":"ARB","priceChange":-0.0012999999999999956,"priceChangePercent":-0.6432459178624421,"previousPrice":0.2021},"WBTC":{"address":"0x2260fac5e5542a773aa44fbcfedf7c193bc2c599","priceUSD":84389.49,"ts":1763779526093,"apiSymbol":"BTC","priceChange":-286.5199999999895,"priceChangePercent":-0.3383721079913774,"previousPrice":84676.01},"BTC":{"address":"0x2260fac5e5542a773aa44fbcfedf7c193bc2c599","priceUSD":84389.49,"ts":1763779526093,"apiSymbol":"BTC",