{"priceCache":{"ETH":{"address":"0xC02aaA39b223FE8D0A0e5C4F27eAD9083C756Cc2","priceUSD":4141.12,"ts":1759272188231,"apiSymbol":"ETH","priceChange":-20.850000000000364,"priceChangePercent":-0.500964687395641,"previousPrice":4161.97},"DAI":{"address":"0x6B175474E89094C44Da98b954EedeAC495271d0F","priceUSD":0.999,"ts":1759272188233,"apiSymbol":"DAI","priceChange":0.00026999999999999247,"priceChangePercent":0.027034333603675915,"previousPrice":0.99873},"UNI":{"address":"0x1f9840a85d5aF5bf1D1762F925BDADdC4201F984","priceUSD":7.639,"ts":1759272188236,"apiSymbol":"UNI","priceChange":-0.022999999999999687,"priceChangePercent":-0.30018271991646683,"previousPrice":7.662},"WBTC":{"address":"0x2260fac5e5542a773aa44fbcfedf7c193bc2c599","priceUSD":113920,"ts":1759272188238,"apiSymbol":"BTC","priceChange":-275.00999999999476,"priceChangePercent":-0.2408248836792385,"previousPrice":114195.01},"BTC":{"address":"0x2260fac5e5542a773aa44fbcfedf7c193bc2c599","priceUSD":113920,"ts":1759272188238,"apiSymbol":"BTC","priceChange":-275.00999999999476,"priceChangePercent":-0.2408248836792385,"previousPrice":114195.01},"SNX":{"address":"0xC011A72400E58ec99Ee497CF89E3775d4bd732F","priceUSD":1.082,"ts":1759272188238,"apiSymbol":"SNX","priceChange":-0.008000000000000007,"priceChangePercent":-0.733944954128441,"previousPrice":1.09},"MKR":{"address":"0x9f8F72aA9304c8B593d555F12ef6589cC3A579A2","priceUSD":1813.7,"ts":1759272188239,"apiSymbol":"MKR","priceChange":0,"priceChangePercent":0,"previousPrice":1813.7},"GRT":{"address":"0xc944E90C64B2c07662A292be6244BDf05Cda44a7","priceUSD":0.0803,"ts":1759272188240,"apiSymbol":"GRT","priceChange":-0.00020000000000000573,"priceChangePercent":-0.24844720496895123,"previousPrice":0.0805},"SUSHI":{"address":"0x6B3595068778DD592e39A122f4f5A5cF09C90fE2","priceUSD":0.6675,"ts":1759272188240,"apiSymbol":"SUSHI","priceChange":-0.0024000000000000687,"priceChangePercent":-0.3582624272279547,"previousPrice":0.6699},"YFI":{"address":"0x0bc529c00C6401aEF6D220BE8C6Ea1667F6Ad93e","priceUSD":5385,"ts":1759272188241,"apiSymbol":"YFI","priceChange":-22,"priceChangePercent":-0.4068799704087294,"previousPrice":5407},"CRV":{"address":"0xD533a949740bb3306d119CC777fa900bA034cd52","priceUSD":0.6854,"ts":1759272188245,"apiSymbol":"CRV","priceChange":-0.0022999999999999687,"priceChangePercent":-0.33444816053511256,"previousPrice":0.6877},"SAND":{"address":"0x3845badAde8e6dFF049820680d1F14bD0F3903A5d","priceUSD":0.265,"ts":1759272188246,"apiSymbol":"SAND","priceChange":-0.00040000000000001146,"priceChangePercent":-0.15071590052750994,"previousPrice":0.2654},"OP":{"address":"0x4200000000000000000000000000000000000042","priceUSD":0.67,"ts":1759272188247,"apiSymbol":"OP","priceChange":-0.0022999999999999687,"priceChangePercent":-0.34210917745053826,"previousPrice":0.6723},"BAL":{"address":"0xba100000625a3754423978a60c9317c58a424e3d","priceUSD":0.967,"ts":1759272188250,"apiSymbol":"BAL","priceChange":0,"priceChangePercent":0,"previousPrice":0.967},"RNDR":{"address":"0x6de037ef9ad2725eb40118bb1702ebb27e4aeb24","priceUSD":7.03,"ts":1759272188251,"apiSymbol":"RNDR","priceChange":0,"priceChangePercent":0,"previousPrice":7.03},"FLOKI":{"address":"0xcf0c122c6b73ff809c693db761e7baebe62b6a2e","priceUSD":0.00008122,"ts":1759272188254,"apiSymbol":"FLOKI","priceChange":-1.2000000000000563e-7,"priceChangePercent":-0.147528891074509,"previousPrice":0.00008134},"SHIB":{"address":"0x95aD61b0a150d79219dCF64E1E6Cc01f0B64C4cE","priceUSD":0.0000118,"ts":1759272188304,"apiSymbol":"SHIB","priceChange":-1.999999999999981e-8,"priceChangePercent":-0.16920473773265488,"previousPrice":0.00001182},"ELON":{"address":"0x761d38e5ddf6ccf6cf7c55759d5210750b5d60f3","priceUSD":9.56e-8,"ts":1759272188331,"apiSymbol":"ELON","priceChange":-6.000000000000054e-10,"priceChangePercent":-0.6237006237006293,"previousPrice":9.62e-8},"AKITA":{"address":"0x3301ee63fb29f863f2333bd4466acb46cd8323e6","priceUSD":4.894e-8,"ts":1759272188365,"apiSymbol":"AKITA","priceChange":9.000000000000279e-11,"priceChangePercent":0.18423746161720123,"previousPrice":4.885e-8},"SAITAMA":{"address":"0x2c297021ff013dfb9d45c88dbd8e24a3e61040b3","priceUSD":0.0006258,"ts":1759272188430,"apiSymbol":"SAITAMA","priceChange":0,"priceChangePercent":0,"previousPrice":0.0006258},"USDC":{"address":"0xA0b86991c6218b36c1d19D4a2e9Eb0cE3606eB48","priceUSD":1,"ts":1759272188851,"apiSymbol":"USDC","priceChange":0,"priceChangePercent":0,"previousPrice":1},"MANA":{"address":"0x0f5D2fB29fb7D3CFeE444a200298f468908cC39D","priceUSD":0.2885,"ts":1759272188852,"apiSymbol":"MANA","priceChange":-0.00040000000000001146,"priceChangePercent":-0.13845621322257234,"previousPrice":0.2889},"AAVE":{"address":"0x7Fc66500c84A76Ad7e9c93437bFc5Ac33E2DDaE9","priceUSD":275.38,"ts":1759272189870,"apiSymbol":"AAVE","priceChange":-1.9499999999999886,"priceChangePercent":-0.7031334511232066,"previousPrice":277.33},"FXS":{"address":"0x3432b6a60d23ca0dfca7761b7ab56459d9c964d0","priceUSD":2.145,"ts":1759272189871,"apiSymbol":"FXS","priceChange":-0.008999999999999897,"priceChangePercent":-0.4178272980501345,"previousPrice":2.154},"LDO":{"address":"0x5A98FcBEA516Cf06857215779Fd812CA3beF1B32","priceUSD":1.0934,"ts":1759272189871,"apiSymbol":"LDO","priceChange":-0.0047000000000001485,"priceChangePercent":-0.4280120207631498,"previousPrice":1.0981},"COMP":{"address":"0xc00e94Cb662C3520282E6f5717214004A7f26888","priceUSD":41.47,"ts":1759272189888,"apiSymbol":"COMP","priceChange":-0.12000000000000455,"priceChangePercent":-0.28853089685021527,"previousPrice":41.59},"IMX":{"address":"0xf57e7e7c23978c3caec3c3548e3d615c346e79ff","priceUSD":0.689,"ts":1759272191035,"apiSymbol":"IMX","priceChange":-0.0010000000000000009,"priceChangePercent":-0.1449275362318842,"previousPrice":0.69},"1INCH":{"address":"0x111111111117dc0aa78b770fa6a738034120c302","priceUSD":0.2549,"ts":1759272191035,"apiSymbol":"1INCH","priceChange":-0.0016999999999999793,"priceChangePercent":-0.662509742790327,"previousPrice":0.2566},"PEPE":{"address":"0x6982508145454Ce325dDbE47a25d4ec3d2311933","priceUSD":0.00000929,"ts":1759272191036,"apiSymbol":"PEPE","priceChange":0,"priceChangePercent":0,"previousPrice":0.00000929},"ARB":{"address":"0x912ce59144191c1204e64559fe8253a0e49e6548","priceUSD":0.4208,"ts":1759272191036,"apiSymbol":"ARB","priceChange":-0.0005000000000000004,"priceChangePercent":-0.11868027533823888,"previousPrice":0.4213},"VINU":{"address":"0xafcdd4f666c84fed1d8bd825aa762e3714f652c9","priceUSD":1.376e-8,"ts":1759272191036,"apiSymbol":"VINU","priceChange":7.999999999999972e-11,"priceChangePercent":0.5847953216374249,"previousPrice":1.368e-8},"DOGE":{"address":"0x420693bF3bF2a5c07cc5bA2eF2E4A4f9E3e7d3F0","priceUSD":0.23224,"ts":1759272191037,"apiSymbol":"DOGE","priceChange":-0.0003700000000000092,"priceChangePercent":-0.1590645286101239,"previousPrice":0.23261}},"previousPriceCache":{"AAVE":{"address":"0x7Fc66500c84A76Ad7e9c93437bFc5Ac33E2DDaE9","priceUSD":270.4,"ts":1759259640130,"apiSymbol":"AAVE","priceChange":-0.6100000000000136,"priceChangePercent":-0.22508394524187805,"previousPrice":271.01},"WBTC":{"address":"0x2260fac5e5542a773aa44fbcfedf7c193bc2c599","priceUSD":113805.97,"ts":1759259640150,"apiSymbol":"BTC","priceChange":-74.02000000000407,"priceChangePercent":-0.06499824947297947,"previousPrice":113879.99},"BTC":{"address":"0x2260fac5e5542a773aa44fbcfedf7c193bc2c599","priceUSD":113805.97,"ts":1759259640150,"apiSymbol":"BTC","priceChange":-74.02000000000407,"priceChangePercent":-0.06499824947297947,"previousPrice":113879.99},"ETH":{"address":"0xC02aaA39b223FE8D0A0e5C4F27eAD9083C756Cc2","priceUSD":4117.11,"ts":1759259640210,"apiSymbol":"ETH","priceChange":-4.430000000000291,"priceChangePercent":-0.10748409575062456,"previousPrice":4121.54},"COMP":{"address":"0xc00e94Cb662C3520282E6f5717214004A7f26888","priceUSD":41,"ts":1759259640211,"apiSymbol":"COMP","priceChange":-0.07000000000000028,"priceChangePercent":-0.1704407109812522,"previousPrice":41.07},"DAI":{"address":"0x6B175474E89094C44Da98b954EedeAC495271d0F",