{"priceCache":{"ETH":{"address":"0xC02aaA39b223FE8D0A0e5C4F27eAD9083C756Cc2","priceUSD":2825.98,"ts":1763912175309,"apiSymbol":"ETH","priceChange":1.9600000000000364,"priceChangePercent":0.06940460761609465,"previousPrice":2824.02},"YFI":{"address":"0x0bc529c00C6401aEF6D220BE8C6Ea1667F6Ad93e","priceUSD":4038,"ts":1763912175321,"apiSymbol":"YFI","priceChange":3,"priceChangePercent":0.07434944237918216,"previousPrice":4035},"WBTC":{"address":"0x2260fac5e5542a773aa44fbcfedf7c193bc2c599","priceUSD":86865.2,"ts":1763912175322,"apiSymbol":"BTC","priceChange":91.17999999999302,"priceChangePercent":0.10507753357513344,"previousPrice":86774.02},"BTC":{"address":"0x2260fac5e5542a773aa44fbcfedf7c193bc2c599","priceUSD":86865.2,"ts":1763912175322,"apiSymbol":"BTC","priceChange":91.17999999999302,"priceChangePercent":0.10507753357513344,"previousPrice":86774.02},"SUSHI":{"address":"0x6B3595068778DD592e39A122f4f5A5cF09C90fE2","priceUSD":0.4073,"ts":1763912175323,"apiSymbol":"SUSHI","priceChange":0.0012999999999999678,"priceChangePercent":0.32019704433496743,"previousPrice":0.406},"SAND":{"address":"0x3845badAde8e6dFF049820680d1F14bD0F3903A5d","priceUSD":0.1538,"ts":1763912175324,"apiSymbol":"SAND","priceChange":0.0005999999999999894,"priceChangePercent":0.3916449086161811,"previousPrice":0.1532},"SNX":{"address":"0xC011A72400E58ec99Ee497CF89E3775d4bd732F","priceUSD":0.599,"ts":1763912175325,"apiSymbol":"SNX","priceChange":0.0050000000000000044,"priceChangePercent":0.8417508417508426,"previousPrice":0.594},"DAI":{"address":"0x6B175474E89094C44Da98b954EedeAC495271d0F","priceUSD":1.00086,"ts":1763912175328,"apiSymbol":"DAI","priceChange":-0.00017000000000000348,"priceChangePercent":-0.0169825080167431,"previousPrice":1.00103},"GRT":{"address":"0xc944E90C64B2c07662A292be6244BDf05Cda44a7","priceUSD":0.05017,"ts":1763912175328,"apiSymbol":"GRT","priceChange":0.00007999999999999674,"priceChangePercent":0.15971251746855009,"previousPrice":0.05009},"USDC":{"address":"0xA0b86991c6218b36c1d19D4a2e9Eb0cE3606eB48","priceUSD":1,"ts":1763912175498,"apiSymbol":"USDC","priceChange":0,"priceChangePercent":0,"previousPrice":1},"CRV":{"address":"0xD533a949740bb3306d119CC777fa900bA034cd52","priceUSD":0.3828,"ts":1763912175828,"apiSymbol":"CRV","priceChange":0.0016999999999999793,"priceChangePercent":0.4460771451062659,"previousPrice":0.3811},"COMP":{"address":"0xc00e94Cb662C3520282E6f5717214004A7f26888","priceUSD":28.85,"ts":1763912176937,"apiSymbol":"COMP","priceChange":0.0400000000000027,"priceChangePercent":0.13884068031934296,"previousPrice":28.81},"MKR":{"address":"0x9f8F72aA9304c8B593d555F12ef6589cC3A579A2","priceUSD":1813.7,"ts":1763912176938,"apiSymbol":"MKR","priceChange":0,"priceChangePercent":0,"previousPrice":1813.7},"UNI":{"address":"0x1f9840a85d5aF5bf1D1762F925BDADdC4201F984","priceUSD":6.237,"ts":1763912177978,"apiSymbol":"UNI","priceChange":0.017999999999999794,"priceChangePercent":0.28943560057886786,"previousPrice":6.219},"LDO":{"address":"0x5A98FcBEA516Cf06857215779Fd812CA3beF1B32","priceUSD":0.6268,"ts":1763912177979,"apiSymbol":"LDO","priceChange":0.0010999999999999899,"priceChangePercent":0.17580310052740766,"previousPrice":0.6257},"MANA":{"address":"0x0f5D2fB29fb7D3CFeE444a200298f468908cC39D","priceUSD":0.1661,"ts":1763912177980,"apiSymbol":"MANA","priceChange":0.0005999999999999894,"priceChangePercent":0.36253776435044677,"previousPrice":0.1655},"AAVE":{"address":"0x7Fc66500c84A76Ad7e9c93437bFc5Ac33E2DDaE9","priceUSD":163.97,"ts":1763912177982,"apiSymbol":"AAVE","priceChange":0.710000000000008,"priceChangePercent":0.4348891338968566,"previousPrice":163.26},"BAL":{"address":"0xba100000625a3754423978a60c9317c58a424e3d","priceUSD":0.967,"ts":1763912178244,"apiSymbol":"BAL","priceChange":0,"priceChangePercent":0,"previousPrice":0.967},"PEPE":{"address":"0x6982508145454Ce325dDbE47a25d4ec3d2311933","priceUSD":0.00000419,"ts":1763912179227,"apiSymbol":"PEPE","priceChange":9.999999999999904e-9,"priceChangePercent":0.23923444976076327,"previousPrice":0.00000418},"FXS":{"address":"0x3432b6a60d23ca0dfca7761b7ab56459d9c964d0","priceUSD":0.857,"ts":1763912179228,"apiSymbol":"FXS","priceChange":0.007000000000000006,"priceChangePercent":0.8235294117647066,"previousPrice":0.85},"ARB":{"address":"0x912ce59144191c1204e64559fe8253a0e49e6548","priceUSD":0.2021,"ts":1763912179228,"apiSymbol":"ARB","priceChange":0.0007000000000000062,"priceChangePercent":0.3475670307845115,"previousPrice":0.2014},"1INCH":{"address":"0x111111111117dc0aa78b770fa6a738034120c302","priceUSD":0.1866,"ts":1763912179229,"apiSymbol":"1INCH","priceChange":0.0005000000000000004,"priceChangePercent":0.2686727565824828,"previousPrice":0.1861},"SHIB":{"address":"0x95aD61b0a150d79219dCF64E1E6Cc01f0B64C4cE","priceUSD":0.00000798,"ts":1763912179230,"apiSymbol":"SHIB","priceChange":2.999999999999971e-8,"priceChangePercent":0.3773584905660341,"previousPrice":0.00000795},"IMX":{"address":"0xf57e7e7c23978c3caec3c3548e3d615c346e79ff","priceUSD":0.309,"ts":1763912179231,"apiSymbol":"IMX","priceChange":0,"priceChangePercent":0,"previousPrice":0.309},"OP":{"address":"0x4200000000000000000000000000000000000042","priceUSD":0.306,"ts":1763912179232,"apiSymbol":"OP","priceChange":0.0012999999999999678,"priceChangePercent":0.4266491631112464,"previousPrice":0.3047},"FLOKI":{"address":"0xcf0c122c6b73ff809c693db761e7baebe62b6a2e","priceUSD":0.00004598,"ts":1763912179233,"apiSymbol":"FLOKI","priceChange":2.0999999999999968e-7,"priceChangePercent":0.4588158182215418,"previousPrice":0.00004577},"ELON":{"address":"0x761d38e5ddf6ccf6cf7c55759d5210750b5d60f3","priceUSD":5.46e-8,"ts":1763912179827,"apiSymbol":"ELON","priceChange":2.9999999999999607e-10,"priceChangePercent":0.5524861878452966,"previousPrice":5.43e-8},"RNDR":{"address":"0x6de037ef9ad2725eb40118bb1702ebb27e4aeb24","priceUSD":7.03,"ts":1763912179828,"apiSymbol":"RNDR","priceChange":0,"priceChangePercent":0,"previousPrice":7.03},"DOGE":{"address":"0x420693bF3bF2a5c07cc5bA2eF2E4A4f9E3e7d3F0","priceUSD":0.14621,"ts":1763912179829,"apiSymbol":"DOGE","priceChange":0.0004900000000000182,"priceChangePercent":0.33626132308538176,"previousPrice":0.14572},"AKITA":{"address":"0x3301ee63fb29f863f2333bd4466acb46cd8323e6","priceUSD":2.543e-8,"ts":1763912179837,"apiSymbol":"AKITA","priceChange":0,"priceChangePercent":0,"previousPrice":2.543e-8},"VINU":{"address":"0xafcdd4f666c84fed1d8bd825aa762e3714f652c9","priceUSD":1.047e-8,"ts":1763912179845,"apiSymbol":"VINU","priceChange":-2.9999999999999276e-11,"priceChangePercent":-0.2857142857142788,"previousPrice":1.05e-8},"SAITAMA":{"address":"0x2c297021ff013dfb9d45c88dbd8e24a3e61040b3","priceUSD":0.0006258,"ts":1763912179849,"apiSymbol":"SAITAMA","priceChange":0,"priceChangePercent":0,"previousPrice":0.0006258}},"previousPriceCache":{"USDC":{"address":"0xA0b86991c6218b36c1d19D4a2e9Eb0cE3606eB48","priceUSD":1,"ts":1763911278130,"apiSymbol":"USDC","priceChange":0,"priceChangePercent":0,"previousPrice":1},"ETH":{"address":"0xC02aaA39b223FE8D0A0e5C4F27eAD9083C756Cc2","priceUSD":2824.02,"ts":1763911278138,"apiSymbol":"ETH","priceChange":13.139999999999873,"priceChangePercent":0.46746926229507746,"previousPrice":2810.88},"CRV":{"address":"0xD533a949740bb3306d119CC777fa900bA034cd52","priceUSD":0.3811,"ts":1763911278139,"apiSymbol":"CRV","priceChange":0.0010999999999999899,"priceChangePercent":0.28947368421052366,"previousPrice":0.38},"UNI":{"address":"0x1f9840a85d5aF5bf1D1762F925BDADdC4201F984","priceUSD":6.219,"ts":1763911278140,"apiSymbol":"UNI","priceChange":0.036000000000000476,"priceChangePercent":0.5822416302765725,"previousPrice":6.183},"WBTC":{"address":"0x2260fac5e5542a773aa44fbcfedf7c193bc2c599","priceUSD":86774.02,"ts":1763911278140,"apiSymbol":"BTC","priceChange":268.33000000000175,"priceChangePercent":0.31018768823183973,"previousPrice":86505.69},"BTC":{"address":"0x2260fac5e5542a773aa44fbcfedf7c193bc2c599","priceUSD":86774.02,"ts":1763911278140,"apiSymbol":"BTC","priceChange":268.33000000000175,"priceChangePercent":0.31018768823183973,